Sub-sector,China,United States,India,EU,Japan,South Korea,Brazil,Indonesia,Iran,Canada,Australia
Power,C3-C4,C1-C2,C5+,C3,C5+,C3-C4,C3,C6-C7,C8,C4-C6,C3-C4
Steel,C5+,C5+,C5+,C3,C3-C4,C3-C4,C5+,C7-C8,C8,C4-C6,C5+
Cement,C5+,C5+,C3-C4,C1-C2,C5+,C6-C7,C5+,C5+,C8,C4-C6,C5+
Chemicals,C5+,C5+,C5+,C3-C4,C6-C7,C3-C4,C7-C8,C7-C8,C8,C6-C7,C5+
Transport,C3-C4,C5+,C3-C5,C3,C4-C6,C3-C4,C4-C6,C4-C6,C8,C4-C6,C6-C7
Aviation,C5+,C1-C2,C5+,C3-C4,C4-C6,C5+,C5+,C6-C7,C8,C6-C7,C6-C7
Shipping,C5+,C8,C6-C7,C3-C4,C4-C6,C3-C4,C8,C7-C8,C8,C6-C7,C8
Buildings,C5+,C5+,C6-C7,C1-C2,C3-C4,C3-C4,C6-C7,C6-C7,C8,C4-C6,C4-C6
AFOLU,C3-C4,C8,C5+,C1-C2,C4-C6,C4-C6,C1-C2,C5+,C6-C7,C6-C7,C6-C7
