Source workbook row,Economy,Sector,Stated milestone,Legacy comparison excerpt (not used for coding),Exclusion reason
2,China,Power,"2030: wind+solar >1200 GW (already met end-2024, ~6 years early; reached ~1.7 TW by mid-2025), non-fossil 25% of primary energy, carbon intensity -65% vs 2005. ",NOT aligned with 1.5C. Against the IEA Net Zero by 2050 power benchmark (60% renewables in global generation by 2030; net-zero electricity in advanced economies by 2035 and all economies by 2040; unab,Capacity and primary-energy metrics are not directly comparable with the generation-share benchmark.
3,USA,Power,Two divergent trajectories. (a) Biden/IRA path (now defunct): power-sector CO2 roughly 50% below 2005 by 2030 and ~66% clean electricity by 2030 (vs ~80% needed,Split verdict. The on-paper 2035 carbon-free electricity goal was 1.5C-aligned: it matched the IEA Net Zero by 2050 benchmark that advanced economies decarbonize their power systems (net-zero electric,Former federal trajectory; no current comparable national milestone.
4,India,Power,"500 GW non-fossil installed capacity by 2030 (target). Reality as of 2026: India crossed the 50% non-fossil installed-capacity milestone in June 2025, ~5 years ","Weaker than 2C. The capacity target is being met/exceeded, but capacity is not generation. The IEA Net Zero by 2050 (1.5C) power-sector benchmark requires renewables to reach >60% of global electricit",Installed-capacity share is not directly comparable with the generation-share benchmark.
7,China,Steel,"By 2030: electric-arc-furnace (EAF/scrap-based) steel to reach 20% of crude steel output (rising to 30% by 2035), up from roughly 10-11% in 2024-2025; sector CO",Weaker than 2C - NOT aligned with 1.5C or 2C. IEA Net Zero by 2050 (1.5C) requires global steel-sector CO2 to fall ~29% by 2030 vs 2019 (≈85% of that from already-mature measures: energy/material effi,"Metric, scope, target year or policy status is not sufficiently comparable."
8,USA,Steel,"No binding sector-wide 2030 emissions number exists. The de facto near-term milestone was the IDP demo portfolio: 5 iron/steel projects, up to ~$1.0B federal sh",Weaker than 2C; NOT aligned with the IEA Net Zero (1.5C) steel benchmark. The IEA NZE requires steel direct CO2 emissions/intensity to fall ~25-29% by 2030 (~3%/yr) with ~8% of primary production near,"Metric, scope, target year or policy status is not sufficiently comparable."
10,EU,Steel,2026-2030 milestones: (1) ETS free allocation for steel begins phasing out in 2026 (-10%/yr to 2034) as CBAM enters its definitive period (full importer obligat,"PARTIALLY ALIGNED, drifting weaker. On paper the EU framework is among the world's most ambitious (-55% by 2030, -90% net by 2040, net-zero 2050), and the ETS+CBAM price signal is in principle compati",Cross-sector ETS cap is not a steel-specific 2030 milestone.
13,China,Cement,"The plan is front-loaded on 2025/2028 milestones and weak on quantified 2030 numbers. Hard targets: by end-2025, >=30% of clinker capacity at/above the energy-e","Weaker than 2C; not aligned with 1.5C. IEA NZE (1.5C) requires global cement direct CO2 to fall ~3%/yr and CO2 intensity ~4%/yr to 2030, with the clinker-to-cement ratio dropping to ~0.65 by 2030. Chi","Metric, scope, target year or policy status is not sufficiently comparable."
14,USA,Cement,"Weak/absent. The PCA roadmap sets NO binding quantified 2030 cement-CO2 target; its 2030/2040 milestones are directional, and the only hard numbers are 2050 (cl","Weaker than ~2C in practice. On paper the 2050 carbon-neutral aspiration is nominally net-zero-consistent, but it is a voluntary industry roadmap with no binding 2030 milestone and no carbon price, an","Metric, scope, target year or policy status is not sufficiently comparable."
16,EU,Cement,"EU ETS cap cut 4.3%/yr (2024-27) then 4.4%/yr (2028-30), driving ETS-covered sectors to -62% vs 2005 by 2030; free allocation for cement starts phasing out in 2","Weaker than 1.5C at the sector level despite a net-zero-2050 headline; closer to ~2C in delivery. The IEA Net Zero by 2050 (1.5C) cement benchmark requires ~4%/yr CO2-intensity decline to 2030, a clin",Cross-sector ETS cap is not a cement-specific intensity milestone.
17,China,Chemicals,"Mostly 2025-dated, not 2030. By 2025: crude primary-processing capacity held under 1 billion t/yr with >80% utilization; new integrated refineries must keep ref","Weaker than 2C — not aligned with 1.5C or ~2C. IEA NZE (1.5C) benchmark requires primary-chemicals direct CO2 to FALL ~18% by 2030 vs 2022 (despite production growth), with emissions intensity down ~1","No chemicals-specific milestone sufficiently comparable in year, scope and metric."
18,USA,Chemicals,"None. There is no quantified 2030 chemicals milestone in any US federal plan. The 2022 DOE roadmap is scenario/modeling-based, not target-based, and sets no 203",Weaker than 2C. The US chemicals/industrial effort is not aligned with the IEA NZE 1.5C chemicals benchmark (~18% CO2 cut by 2030). The 2022 roadmap was nominally net-zero-by-2050 (2C-to-1.5C aspirati,"No chemicals-specific milestone sufficiently comparable in year, scope and metric."
19,EU,Chemicals,No chemicals-specific 2030 number. The binding cross-sectoral milestone is the EU ETS cap: -62% vs 2005 by 2030 for all covered sectors (incl. chemicals combust,Mixed/headline-vs-delivery gap. Headline ambition (legally binding 2050 climate neutrality; ETS cap heading to net-zero) is nominally 1.5C-oriented. But for chemicals specifically there is no quantifi,Cross-sector ETS cap is not a chemicals-specific milestone.
20,S. Korea,Chemicals,No petrochemical-specific 2030 number in official policy. The whole industry sector is targeted to cut only -14.5% from 2018 by 2030 (the weakest of any major s,Weaker than 1.5C and weaker than ~2C at the sector level. The IEA NZE (1.5C) primary-chemicals benchmark needs ~18% absolute CO2 cut by 2030 vs 2022 (intensity down ~28%) despite rising output; Korea',Whole-industry target is not a chemicals-specific milestone.
22,USA,Road transport,No federal EV-sales target remains for 2030. The former 50%-ZEV-by-2030 goal and the MY2027-32 tailpipe rule (which implied ~56% BEV sales by 2032) are being re,"Weaker than ~2C, and far from 1.5C. The IEA Net Zero by 2050 (1.5C) benchmark requires EVs to exceed ~60% of global car sales by 2030. The US has rescinded its only EV-sales target and its tailpipe GH",Former federal target was rescinded; no current comparable national milestone.
24,EU,Road transport,Legally binding 2030-2034 targets vs a 2021 baseline: -55% fleet-average CO2 for new passenger cars and -50% for new vans (preceded by an interim -15% from 2025,"Borderline, and weakening. Endpoint: the legislated 2035 100% target (full ICE phase-out for new cars) sits at the edge of 1.5C compatibility per the Climate Action Tracker 1.5C benchmark of 97-100% E",New-vehicle fleet-average CO2 standards are not directly comparable with the EV-sales or whole-road-sector benchmark.
25,China,Aviation,No binding national 2030 decarbonization target exists for the sector — a barely-existing 2030 plan. The only firm near-term numbers are 2025 targets: cumulativ,"Weaker than 2C / not Paris-aligned at sector level. IEA NZE (1.5C) benchmark for aviation: SAF >10% of fuel by 2030 and global direct aviation CO2 held below ~1,000 Mt by 2030, falling ~90% below 2019","Metric, scope, target year or policy status is not sufficiently comparable."
26,USA,Aviation,"3 billion gallons/yr of domestic SAF by 2030 (scaling to 35 bn gal/yr = ~100% of projected domestic jet demand by 2050), each gallon achieving >=50% lifecycle G","Split verdict. ON PAPER the 2030 goal (~11% SAF, >=50% lifecycle cut) is roughly consistent with the IEA Net Zero by 2050 (1.5C) aviation benchmark of >10% SAF share by 2030 -> nominally C1-C2 ambitio","Metric, scope, target year or policy status is not sufficiently comparable."
28,China,Shipping,No 2030 GHG-reduction figure for Chinese shipping emissions. Quantified 2030-relevant numbers are industrial/supply-side: China held 78.5% of global green-power,"Weaker than 2C; not aligned with 1.5C. IEA NZE (1.5C) sector benchmark requires ~15% shipping CO2 cut 2022-2030 and ~15% of energy from low/near-zero fuels by 2030 (ammonia ~6%, biofuels ~8%, hydrogen","Metric, scope, target year or policy status is not sufficiently comparable."
29,EU,Shipping,"FuelEU Maritime: GHG intensity of energy used onboard must fall -6% by 2030 vs 2020 (then -14.5% 2035, -31% 2040, -62% 2045, -80% 2050). EU ETS: 100% of verifie",Weaker than 1.5C; roughly ~2C at best. IEA Net Zero by 2050 (1.5C) benchmark for international shipping requires ~15% absolute emissions reduction 2022->2030 and low/zero-emission fuels rising from <1,Onboard-fuel GHG-intensity target is not directly comparable with the absolute-emissions benchmark.
30,S. Korea,Shipping,"By 2030: 60% GHG cut vs 2008 baseline (~4 Mt CO2e annual reduction, plus 3,314 t particulate matter). Fleet: the 2020 Greenship-K 2030 strategy targets converti","Aspirational headline (net zero 2050; 60% by 2030 vs 2008) is nominally strong and reaches toward 1.5C, exceeding the IMO 2023 striving levels and roughly matching the IEA NZE international-shipping b",Fleet-conversion and technology-performance milestones are not an absolute sector-emissions target comparable with the selected shipping reference.
31,China,Buildings,By 2030: buildings-sector emissions peak (still rising through the 2020s); prefabricated construction = 40% of new urban building floor area; 80% of urban publi,"Weaker than 2C-for-sector, and far weaker than the IEA Net Zero by 2050 (1.5C) buildings benchmark. IEA NZE requires 100% of new buildings to be zero-carbon-ready via mandatory codes by 2030 (only ~5%",Peak-year and prefabricated-construction indicators are not directly comparable with the zero-carbon-ready new-buildings reference.
32,USA,Buildings,No binding federal 2030 buildings milestone remains. The de facto national milestone is the 25-governor US Climate Alliance pledge (Sep 2023) to install 20 mill,"Weaker than 2C. Climate Action Tracker rates the overall US ""Critically Insufficient"" — consistent with a 4C+ world. The buildings effort falls far below the IEA Net Zero by 2050 (1.5C) sector benchma","Metric, scope, target year or policy status is not sufficiently comparable."
40,Iran,Power,No power-sector decarbonization target. A 30 GW renewables capacity ambition by 2030 was announced in 2022 but is unfunded/stalled (only ~0.8 GW wind+solar installed in 2021) and absent from the Seventh Five-Year Plan; grid remains ~95% fossil gas/oil with rising subsidized demand.,no plan,No current quantified sector milestone.
41,Iran,Steel,none — no steel mitigation target; Seventh Five-Year Development Plan (2023-27) excludes industrial mitigation for this major-producer sector.,no plan,No current quantified sector milestone.
42,Iran,Cement,"none — only vague undetailed pre-2025 notions (clinker substitution with industrial by-products, oil-to-gas feedstock switch); no quantified 2030 target and nothing in the Seventh Plan.",no plan,No current quantified sector milestone.
43,Iran,Chemicals,none — no petrochemical/chemicals decarbonization target; Iran is expanding petrochemical output and has no specific mitigation policy for the sector.,no plan,No current quantified sector milestone.
44,Iran,Road transport,"none — no EV/electrification strategy; policy centers on fossil-to-fossil CNG conversion (e.g. ~27,000 buses, ~500,000 taxis) plus an untimed 2017 plan to swap 400,000 motorcycles for e-bikes; market remains dominated by fossil-fuel cars.",no plan,No current quantified sector milestone.
45,Iran,Aviation,none — aviation is not addressed in any Iranian climate policy or planning document.,no plan,No current quantified sector milestone.
46,Iran,Shipping,none — shipping is not addressed in any Iranian climate policy or planning document.,no plan,No current quantified sector milestone.
47,Iran,Buildings,none — a Sixth-Plan target of 5% energy-use reduction by 2021 has expired and was not renewed; the Seventh Five-Year Plan (2023-27) contains no buildings mitigation measures.,no plan,No current quantified sector milestone.
48,Iran,Forestry & land,"No 2030 target; the only quantified land-use goal is reducing net forestry emissions from 21.6 to 16.6 MtCO2e by 2025 (cut illegal harvesting/conversion ~20%/yr, fuelwood ~10%, expand reforestation). Modest, pre-2030, and land use is minor for Iran.",weaker,No current quantified 2030 forestry/land milestone comparable with the selected benchmark.
50,Canada,Steel,"No binding government steel-sector target, but the two largest integrated mills are converting off coal: ArcelorMittal Dofasco to DRI-EAF (~3 Mt/yr cut, coal-free, targeted ~2028-2030, though construction delayed) and Algoma Steel to EAF (~70% cut), federally co-funded via the Net Zero Accelerator; heavy industry overall to fall ~31% below 2005 by 2030",partial,"Metric, scope, target year or policy status is not sufficiently comparable."
52,Canada,Chemicals,none,weaker,No current quantified sector milestone.
54,Canada,Aviation,none,weaker,No current quantified sector milestone.
55,Canada,Shipping,none,weaker,No current quantified sector milestone.
59,Australia,Steel,none — no steel-specific 2030 decarbonisation target. Covered by Safeguard Mechanism (~4.9%/yr baseline decline to 2030); Green Iron Investment Fund funds green metals but sets no low-carbon output target. Near-term abatement is efficiency/coal-to-gas plus offsets.,weaker,No current quantified sector milestone.
60,Australia,Cement,none — no cement-specific 2030 target. Covered by Safeguard Mechanism (~4.9%/yr baseline decline); Industry Sector Plan cites alternative fuels only. Heavy reliance on offsets (~two-thirds of Safeguard 'reductions' per CAT).,weaker,No current quantified sector milestone.
61,Australia,Chemicals,none — no chemicals-specific 2030 target. Covered by Safeguard Mechanism (~4.9%/yr baseline decline); Industry Sector Plan mentions tertiary abatement catalysts but no numeric goal. Offset-reliant.,weaker,No current quantified sector milestone.
62,Australia,Road transport,"none federally — New Vehicle Efficiency Standard (first-ever, from 2025) sets fleet CO2 limits, but there is no federal EV sales target (states set ~50% EV by 2030). CAT projects transport to become Australia's largest emissions source by 2030.",weaker,No current quantified sector milestone.
63,Australia,Aviation,none — no government SAF blending mandate. Voluntary industry pledges only (Qantas 10% SAF by 2030); Cleaner Fuels Programme (A$1.1bn) and Jet Zero Council support a ~2 billion litre LCLF pipeline but set no binding 2030 target.,weaker,No current quantified sector milestone.
64,Australia,Shipping,none — no domestic shipping decarbonisation 2030 target. Only broad low-carbon-liquid-fuels ambition and support for IMO measures; no concrete national milestone.,no plan,No current quantified sector milestone.
66,Australia,Forestry & land,"none — no mandatory agriculture emissions target; voluntary adoption, methane R&D, and Global Methane Pledge (30% below 2020 by 2030 all-sector) while ag methane is projected flat. Relies on LULUCF net sink (~20% of emissions); CAT flags sink projections up ~4x since 2021, inflating apparent progress.",weaker,No current quantified sector milestone.
68,Indonesia,Steel,"none. The 2025 Industrial Decarbonization Roadmap names levers (scrap-EAF expansion, hydrogen, CCUS) and an aspirational industry net-zero 2050, but there is no binding sector emissions target or timeline; meanwhile coal-based steel/NPI capacity is expanding to ~33-35 Mt by 2030 (from 16 Mt in 2023), so sector emissions are projected to rise to ~25 MtCO2 by 2030.",no plan,No current quantified sector milestone.
70,Indonesia,Chemicals,none. No sector-wide government target; only company-level projects (Pupuk Indonesia hybrid green-ammonia at Lhokseumawe and a 660 kt/yr blue ammonia plant targeted for 2030; Pertamina bio-refining). Second NDC mentions industrial electrification/efficiency and green hydrogen/ammonia promotion without quantified chemicals targets.,no plan,No current quantified sector milestone.
71,Indonesia,Road transport,"15 million EVs on the road by 2030 (2 million electric cars + 13 million electric motorcycles; Presidential Regulation 55/2019 and Second NDC), plus palm-based biodiesel mandate rising from B40 (2025) to B50 by 2028. No ICE phase-out date; implementation is far off track (e-motorcycle uptake ~0.2% of target as of 2025).",partial,Vehicle-stock and biofuel targets are not directly comparable with the EV-sales benchmark.
73,Indonesia,Shipping,"none. No domestic maritime decarbonization target or fuel mandate for 2030; Indonesia participates in the IMO framework (net-zero ~2050; 20-30% cut by 2030 vs 2008 at IMO level, not a national plan) and in green-corridor initiatives (Silk Alliance; LA/Long Beach corridor), but has no national shipping emissions plan.",no plan,No current quantified sector milestone.
76,Brazil,Steel,"none (steel-specific). Steel is covered only by the Plano Clima industry sectoral plan's economy-wide industry ceiling of 198 MtCO2e in 2030 (roughly flat vs current levels), the ENDI industrial decarbonization strategy (names steel as priority, no binding pathway), and the SBCE cap-and-trade (Law 15.042/2024) which only becomes fully operational ~2029.",weaker,No current quantified sector milestone.
77,Brazil,Cement,"none (government-mandated). Only the voluntary SNIC/IEA Cement Technology Roadmap (intensity cut to 375 kgCO2/t by 2050 from 564 kgCO2/t in 2014, modest 2030 waypoint), plus the same industry-wide 198 MtCO2e 2030 ceiling, ENDI priority listing, and future SBCE ETS coverage.",weaker,No current quantified sector milestone.
78,Brazil,Chemicals,"none. No chemicals decarbonization target or pathway; ENDI names chemicals as a hard-to-abate priority but sets no target, and the REIQ special tax regime actively subsidizes petrochemical expansion. Only generic future SBCE ETS coverage applies.",no plan,No current quantified sector milestone.
79,Brazil,Road transport,"Legislated biofuel ramp under the Fuel of the Future Law 14.993/2024: biodiesel B20 by 2030 (B15 from 2025, +1pp/yr) and ethanol blend E30 (approved by CNPE June 2025, cap raised to E35); RenovaBio CBIO decarbonization targets on fuel distributors; Mover programme efficiency/tax incentives. No EV sales target, no ICE phase-out (EVs 6.5% of light-duty sales in 2024); National Mitigation Strategy pr",partial,Biofuel blending targets are not directly comparable with the EV-sales benchmark.
81,Brazil,Shipping,"none. No adopted domestic maritime decarbonization target or fuel mandate; a Brazilian Maritime National Action Plan (BMNAP) is still only under development, and the MARES sustainable-vessel certification proposal is voluntary. Brazil defers to the IMO framework; domestic cabotage emissions are projected to grow ~28% by 2031.",no plan,No current quantified sector milestone.
82,Brazil,Buildings,"none (emissions target). Only efficiency instruments: legacy 2011 National Energy Efficiency Plan aspiration of ~10% electricity savings by 2030 (weakly implemented), PBE Edifica energy labeling (new methodology mandatory since May 2024, simplified certification for new buildings), and appliance MEPS via CGIEE/Procel. No mandatory national building energy code with enforcement, no buildings decarb",weaker,No current quantified sector milestone.
85,Japan,Chemicals,none,weaker,No current quantified sector milestone.
86,Japan,Cement,"Japan Cement Association voluntary target: reduce total CO2 emissions 15% below FY2013 by FY2030 plus an energy-intensity target; measures limited mainly to waste-derived fuels, clinker-ratio reduction and efficiency, with CCUS only at R&D stage. This is roughly a third of what 1.5C-aligned cement pathways require by 2030 and is voluntary, not regulated",weaker,"Metric, scope, target year or policy status is not sufficiently comparable."
88,Japan,Shipping,"No Japan-specific absolute 2030 cap for international shipping; Japan follows the IMO benchmark of at least 40% carbon-intensity reduction by 2030 (via EEXI/CII), targets first zero-emission ships entering service around 2028 (MLIT Roadmap to Zero Emission from International Shipping), and championed the IMO net-zero-by-2050 goal. Domestic coastal shipping is covered inside the transport-sector en",partial,Carbon-intensity target is not directly comparable with the absolute-emissions benchmark.
89,S. Korea,Road transport,"Transport sector emissions cut 37.8% below 2018 by 2030 (98.1 to 61.0 MtCO2e); cumulative 4.5 million zero-emission vehicles (EV + hydrogen) on the road by 2030. No ICE sales phase-out date, and EV stock (~0.7M) is far off-track against the 4.5M goal.",partial,Vehicle-stock and whole-sector emissions targets are not directly comparable with the EV-sales reference used for road transport.
92,S. Korea,Cement,"No binding government cement-specific target. Cement sits inside the industry sector target, which was WEAKENED in 2023 from -14.5% to -11.4% below 2018 by 2030. The Korea Cement Association's voluntary roadmap targets only ~12% emissions reduction by 2030 (alternative-fuel share to 65%, SCM clinker substitution from 10% to 15%) and just >50% by 2050, far from net zero.",weaker,"Metric, scope, target year or policy status is not sufficiently comparable."
95,India,Chemicals,"No explicit 2030 chemicals emissions target. Binding but shallow CCTS carbon-market intensity targets to FY2027 only (chlor-alkali 1.3-4.5% GEI cut vs FY2024 baseline; petrochemicals, fertiliser and refineries also notified, 1-8% range). Nearest 2030-dated milestone is cross-cutting: National Green Hydrogen Mission 5 MMT/yr green hydrogen by 2030, ~99% of current grey H2 use being refining and amm",weaker,"No chemicals-specific milestone sufficiently comparable in year, scope and metric."
96,India,Buildings,"none — no quantified 2030 buildings-sector target. Only efficiency codes: ECBC/ECSBC for commercial and Eco Niwas Samhita for residential (made enforceable by Energy Conservation Amendment Act 2022, ENS aims ~25% energy savings vs conventional design), with fragmented state-level adoption; India Cooling Action Plan targets are for 2037-38, not 2030.",weaker,No current quantified sector milestone.
98,India,Shipping,"Port-side only: Harit Sagar Green Port Guidelines (2023) target 30% reduction in carbon emissions per tonne of cargo handled and >60% renewable share of major-port power by 2030; Green Tug Transition Programme and green hydrogen bunkering hubs at Kandla, Paradip, Tuticorin. No emissions target for the domestic shipping fleet itself.",weaker,"Metric, scope, target year or policy status is not sufficiently comparable."
99,USA,Forestry & land,none,no plan,No current quantified sector milestone.
100,USA,Shipping,none,no plan,No current quantified sector milestone.
