AR6 Category,count
C5,2885
C8,1655
C3,1071
C8 (RCP equivalent),1049
C7,829
C5 (RCP equivalent),808
C1,720
C4,710
SSP5-8.5,594
C6,456
C3 (RCP equivalent),385
SSP2-4.5,226
C7: limit warming to 4°C (>50%),206
C6 (RCP equivalent),155
C2,144
C1 (RCP equivalent),142
C8 (SSP5-8.5),139
C8 (High GHG emissions),116
C3 (Below 3°C),109
C3 (Below 2°C),104
C3: limit warming to 2°C (>67%),101
C5: limit warming to 2.5°C (>50%),99
RCP8.5,89
C8 (>4°C),80
SSP1-2.6,80
C4 (RCP equivalent),76
RCP4.5,58
C2: return warming to 1.5°C (>50%) after a high overshoot,53
C8 (SSP5-8.5 equivalent),38
High GHG emissions,37
C7 (High),35
C4: limit warming to 2°C (>50%),32
SSP3-7.0,32
High (SSP5-8.5),31
High GHG emissions (SSP5-8.5),29
C1 (SSP1-2.6 equivalent),28
C1 (Low GHG emissions),28
C4 (2°C),28
C8/>4°C,27
Very high GHG emissions (SSP5-8.5),26
C1 (Below 1.5°C),26
C7 (High GHG emissions),25
C3 (SSP2-4.5),23
High,22
C8 - High GHG emissions,22
C1 (SSP1-2.6),21
C1 (Below 1.5°C with no or limited overshoot),20
RCP,20
C1: limit warming to 1.5°C (>50%) with no or limited overshoot,20
SSP5-8.5 (RCP8.5 equivalent),19
C8: exceed warming of 4°C (>=50%),19
SSP5-8.5 (High GHG emissions),19
C2 (Below 2°C),18
C3 (Lower 2°C),18
RCP2.6,17
C3 (SSP2-4.5 equivalent),17
High GHG emissions (SSP5-8.5 equivalent),16
SSP5-8.5 (C8),15
C2 (RCP equivalent),15
C6: limit warming to 3°C (>50%),15
C8 (High emissions),14
C3 (Below 3°C warming),13
C8 - High GHG emissions (SSP5-8.5),13
Very high (SSP5-8.5),12
C3 (RCP4.5 equivalent),12
C2 (Lower 2°C),12
C4 (Likely below 2°C),11
SSP2-4.5 (RCP4.5 equivalent),11
N/A (RCP scenario),11
C5 (~2.7°C),10
C8 (High),9
C4 (Below 2°C),9
Very high GHG emissions,9
C5 (High GHG emissions),9
C4 (RCP4.5 equivalent),9
High (SSP5-8.5 equivalent),8
C6 (High GHG emissions),8
C4 (SSP2-4.5),8
C3 (Intermediate),8
RCP (Representative Concentration Pathway),8
RCP equivalent,8
C3 (~1.8°C),8
C3 (Likely below 2°C),7
SSP2-4.5 (RCP6.0 equivalent),7
C1 (Below 2°C),7
High GHG emissions (RCP8.5),7
C8a,7
C1a,7
N/A (CMIP5 RCP scenario),6
C5/2.7°C,6
C8 (RCP8.5 equivalent),6
RCP8.5 (High emissions pathway),6
C7 (RCP equivalent),6
C3-C4 (RCP equivalent),6
C3/1.8°C,6
Intermediate,6
C3-Low (SSP2-4.5 equivalent),6
RCP6.0,6
C1 (Very low GHG emissions),6
High (RCP8.5),6
C1 (1.5°C with no or limited overshoot),6
C4 (Below 3°C),6
C8: High GHG emissions,6
C5 (SSP2-4.5 equivalent),5
Intermediate (SSP2-4.5),5
C1 (Low emissions),5
C7: High GHG emissions,5
C3-C4 (Intermediate),5
C2 (Likely below 2°C),5
C3 (Below 3 °C),5
SSP1-2.6 (RCP2.6 equivalent),5
C8 (High GHG emissions) - SSP5-8.5,4
SSP1-1.9,4
C4 (SSP2-4.5 equivalent),4
Very high,4
Representative Concentration Pathway,4
C3-Low,4
High GHG emissions (RCP8.5 equivalent),4
C1 (very low GHG emissions),4
C8 - SSP5-8.5,4
Very High GHG emissions,4
RCP4.5 (CMIP5),4
C3 (Likely below 3°C),4
C8 (Very high GHG emissions),4
C3a,4
Legacy RCP (CMIP5),4
C8.5,4
C2 (SSP2-4.5),4
RCP 8.5,4
C1/1.5°C,4
C1 (RCP2.6 equivalent),4
C1 (Likely below 1.5°C & Likely below 2°C),4
N/A (CMIP5 RCP),4
C3 - Below 3°C,4
C3-Low (SSP2-4.5),4
High (RCP equivalent),4
SSP5-8.5 (Very high GHG emissions),4
C3-C4 (SSP2-4.5 equivalent),4
SSP2-4.5 (C3),3
C7 (High) - SSP5-8.5,3
High emissions (SSP5-8.5),3
SSP1-4.5,3
Low GHG emissions,3
C8a (High GHG emissions),3
Intermediate (SSP2-4.5 equivalent),3
C8: Very high GHG emissions,3
C2 (SSP1-2.6),3
N/A (RCP from CMIP5),3
C7 (SSP5-8.5),3
C7-C8 (High GHG emissions),3
C1/C2,3
RCP6.0 (CMIP5),3
SSP2-4.5→C5/2.7°C,3
RCP8.5 (CMIP5),3
"C8 (SSP5-8.5, RCP8.5 equivalent)",3
High (RCP8.5 equivalent),3
C4 (Above 2°C),3
C4-C5,3
C5 (Very high GHG emissions),3
SSP5-8.5 (High emissions),3
SSP5-8.5→C8/>4°C,3
C5 (Intermediate),3
C3 - Below 2°C,3
C1 (Low),3
C8 (RCP8.5),3
C4 (RCP4.5),3
High (C7-C8),3
SSP3,3
C1 (Likely below 1.5°C with no or limited overshoot),3
Legacy RCP,3
C7 (SSP5-8.5 equivalent),3
C1-C2,3
High (>4°C),3
C1 (Likely below 2°C),3
C2 (RCP4.5 equivalent),3
C6 (~3.1°C),3
Below 2°C,3
N/A (RCP-only scenario),3
SSP5-8.5 (equivalent to RCP8.5),2
C7 (Very high GHG emissions),2
C7 (Very high emissions),2
SSP2,2
N/A (RCP pathway),2
SSP5,2
N/A (CMIP5 scenario),2
C2 (Low GHG emissions),2
C2 (Below 3°C),2
C1 (Likely below 2°C & towards 1.5°C),2
high,2
C3 (RCP4.5/WP3.4),2
Intermediate scenario,2
C8 (>4 °C),2
High GHG emissions (SSP3-7.0),2
SSP5-8.5 (C8 - Very high),2
C4 (intermediate),2
SSP3-8.5,2
Illustrative (RCP equivalent),2
C1 or C2,2
C5 (Very high emissions),2
C7: limit warming to 3.6°C (>50%),2
C3 (RCP4.5/SSP2-4.5 equivalent),2
C4 (RCP4.5/SSP2-4.5 equivalent),2
N/A (Legacy RCP scenario),2
C5 (SSP2-4.5),2
C3 (Below 2 °C),2
RCP8.5/>4°C,2
RCP (non-SSP),2
Very high (SSP5-8.5 equivalent),2
C8 (Very high emissions),2
C8 (High GHG emissions) - SSP5-8.5 equivalent,2
C4 (Intermediate GHG emissions),2
Not specified,2
C6 (SSP2-4.5 equivalent),2
N/A (SRES scenario - pre-AR6),2
C6a,2
High emissions (RCP8.5),2
RCP (CMIP5 legacy),2
"C8 (High GHG emissions, SSP5-8.5)",2
"C8 (High emissions, RCP8.5/SSP5-8.5 equivalent)",2
High emissions scenario (RCP8.5),2
C3 (RCP4.5/WP4.5),2
SSP5-8.5 (C8 – very high GHG emissions),2
SSP2-4.5 (approximate equivalent),2
High emissions,2
C7 (>4°C),2
C2 (Likely below 3°C),2
C1 (Below 1.5°C & 1.5°C with no or limited overshoot),2
C8a (SSP5-8.5),2
C1 (Likely limit warming to 1.5°C),2
SSP5-8.5 (C8 category),2
C1 (RCP/SSP1-2.6 equivalent),2
"C8 (High GHG emissions, SSP5-8.5 analogue)",2
SSP1-2.6→C3/1.8°C,2
C1 (Below 1.5 °C),2
C8: High GHG emissions (SSP5-8.5),2
C4-C5 (SSP2-4.5 equivalent),2
Not applicable,2
C5 (Below 2.7°C),2
C4 (RCP6.0 equivalent),2
RCP8.5 (no specified SSP),2
C4-C5 (RCP6.0 equivalent),2
Very high (C8),2
SSP4-6.0,2
RCP 4.5,2
C2 (SSP1-2.6 equivalent),2
C6 (SSP5-8.5),2
"C1 (SSP1-2.6, likely limit warming to 1.5 °C (>50%) with no or limited overshoot)",1
C2 (Below 3 °C),1
C4 (RCP4.5/WP4.5),1
C1 (Limited to 1.5 °C with no or limited overshoot),1
"C3 (likely below 2 °C, SSP2-4.5 equivalent)",1
C8 (High GHG emissions & SSP5-8.5),1
Medium (RCP4.5/RCP6.0),1
RCP8.5 (RCP pathway),1
C2: limit warming to 2°C (>67%),1
Illustrative,1
N/A (RCP scenario from previous assessment),1
C1-C2 (RCP equivalent),1
"High GHG emissions (RCP8.5, equivalent to SSP5-8.5)",1
Very Low (SSP1-2.6),1
C8: High GHG emissions (RCP8.5),1
N/A (RCP legacy scenario),1
N/A - The scenario does not fit into the SSP/RCP framework as it focuses specifically on localized groundwater abstraction impacts rather than broader climate scenarios.,1
RCP4.5 (Medium stabilization scenario),1
C6-C7 (2.5-4°C),1
RCP6.0 (Forcing Scenario),1
C1 (SSP1-1.9 equivalent),1
Very high (C8) - SSP5-8.5,1
SRM scenario (RCP8.5 baseline with MSB forcing reduction to RCP4.5 levels),1
C4 (approx. equivalent to SSP2-4.5),1
Custom (SSP2xRCP4.5 adaptation),1
C4a-C4b,1
SSP3-7.0 (C7),1
SSP5-8.5 (commonly associated with RCP8.5),1
C4 (2°C scenarios),1
C10 (Temperature overshoot),1
SSP5-8.5 (aligned with RCP8.5),1
Intermediate (RCP4.5 concentration pathway),1
C1 (low overshoot / RCP equivalent),1
C3 (Lower 2 °C),1
"N/A (SRES scenario, not SSP/RCP)",1
Warming Level,1
RCP4.5 (RCP equivalent),1
C7-C8,1
C3 (SSP2-4.5/RCP4.5 equivalent),1
Analogous to SSP5-8.5 (C8),1
Approx. SSP1-2.6,1
Intermediate (C3-C4 range),1
C1a (RCP2.6/SSP1-2.6 equivalent),1
C3 (> 2 °C ≤ 3 °C),1
C2-C3 (Lower 2°C),1
RCP8.5 (C8 equivalent),1
"RCP8.5 (C8, very-high warming; >4 °C)",1
C3 (Medium stabilization),1
C2 (1.5°C with no or limited overshoot),1
C6a-C7 (RCP equivalent),1
C8 (High GHG emissions – equivalent to SSP5-8.5),1
Illustrative (RCP4.5),1
C7 (Insufficient policies),1
"N/A (RCP scenario, not SSP)",1
N/A - This scenario does not fit into any recognized AR6 categories as it is a specific experimental setup focused on the effects of black carbon emissions rather than a standard pathway.,1
C4 (Medium GHG emissions),1
RCP only (pre-AR6 scenario),1
N/A (RCP8.5 not an SSP scenario),1
RCP8.5 Forcing Level,1
N/A (RCP4.5 is a forcing pathway used by multiple SSPs across AR6 categories C1-C4),1
N/A - This scenario does not fit into AR6 categories as it focuses on localized water management strategies rather than global climate scenarios.,1
C5b,1
High GHG emissions (RCP8.5/SSP5-8.5),1
C2 (RCP2.6/SSP1-2.6 equivalent),1
C3b (RCP 6.0 equivalent),1
RCP8.5 (climate component only),1
N/A (CMIP5 RCP6.0),1
N/A (RCP8.5 not an SSP category),1
RCP 8.5 (RCP equivalent - not an SSP),1
C4 (moderate action),1
C4 (Medium Ambition),1
Custom (RCP8.5 & SSP3 hybrid),1
C6 (CSA),1
C2 (Below 2°C scenarios),1
N/A (C4 approximate),1
C3 (RCP8.5/SSP5-8.5),1
C8A (SSP5-8.5 equivalent),1
C4-Low,1
"SSP2-4.5 (equivalent to RCP 4.5, C5 classification)",1
G2,1
C6-7 (RCP equivalent),1
C8 (SSP5-8.5 / RCP8.5 equivalent),1
not_applicable,1
C5 (RCP 4.5 equivalent),1
NDCs,1
C1.2,1
C3/~1.8°C,1
C-IL,1
Custom (HT) + RCP8.5,1
C4 (approximate equivalent to RCP4.5),1
C8 - High,1
C8 (High GHG emissions - SSP5-8.5),1
C8.0 - High GHG emissions (SSP5-8.5),1
C1 (low emissions),1
N/A - Hybrid scenario (RCP8.5/SSP3),1
High (RCP8.5 / SSP5-8.5 equivalent),1
Approx. C1-C2 (RCP2.6),1
N/A (RCP equivalent),1
N/A - This scenario does not fit within the AR6 SSP/RCP framework as it does not provide specific pathways for socio-economic development or greenhouse gas emissions scenarios.,1
Illustrative (Very High GHG emissions),1
C2 - Below 2°C,1
SSP5-8.5 (C8 High GHG emissions),1
C1b (RCP equivalent),1
C1/C3,1
SSP1-2.6 (closest AR6 analogue),1
high emissions,1
C3 (Likely warming below 2°C >50%),1
C7 (RCP/CMIP5/CMIP6 scenario),1
C8 [SSP5-8.5],1
Forcing pathway (RCP8.5),1
C8-A (RCP 8.5 equivalent),1
RCP8.5 (Not an SSP scenario),1
SSP1-2.6 (analogous to RCP2.6),1
C6 (High CO2 emissions),1
C2 (1.5–<2.5°C),1
CMIP5 RCP (corresponds to SSP5-8.5 in AR6),1
Intermediate (C3),1
C3 (SSP2-4.5/RCP4.5),1
"C3 (Likely below 3°C, likely below 2.5°C)",1
C1/C2 (RCP2.6 equivalent),1
"C7 (>4 °C warming, consistent with SSP5-8.5-like)",1
C1 (Very Low),1
High GHG emissions (SSP5-8.5 / RCP8.5 equivalent),1
"C8 (>4 °C, RCP8.5-equivalent warming per AR6 WG-I Annex)",1
C3–C4 (RCP equivalent),1
RCP8.5 (SSP unspecified),1
High emissions scenario (RCP8.5 forcing),1
N/A (RCP4.5),1
C1 (below 1.5°C),1
C4 (Below 2.7°C),1
RCP8.5 (High-end forcing scenario); no direct SSP-equivalent,1
SSP5-4.5,1
"RCP8.5 (High GHG emissions, C7-C8)",1
C4 (intermediate GHG),1
"C7 (High GHG emissions, SSP5-8.5)",1
"N/A (RCP2.6 is an RCP/CMIP5 scenario, not an SSP/CMIP6 scenario)",1
C6: exceed warming of 3°C (>=50%),1
C3-Low (SSP2-4.5/RCP4.5 equivalent),1
C3-C5,1
C4 (2.5-3.0°C),1
RCP4.5 (pre-AR6 framework),1
Intermediate (RCP4.5/SSP2-4.5),1
C4 (warming levels 2.5-3.0°C),1
RCP4.5 (Medium forcing),1
C1a-C2,1
N/A - RCP6.0 is not an AR6 SSP scenario,1
C4 (limit warming to 3°C),1
SSP2-4.5 (CMIP6 equivalent),1
RCP8.5 (pre-SSP scenario),1
C5a (RCP equivalent),1
N/A - Not applicable as this scenario does not align with specific AR6 categories related to climate targets or carbon budgets.,1
SSP2-4.5 (Medium),1
C3-C4 (Below 2°C to 2°C),1
N/A (RCP6.0 is a pre-AR6 scenario),1
Legacy RCP (CMIP5 High GHG),1
C4 (Below 3°C warming),1
C8: Very high GHG emissions (RCP8.5 / SSP5-8.5 equivalent),1
C8 (SSP5-8.5 aligned),1
C1 (warming limited to 1.5°C with no or limited overshoot),1
C3 (RCP4.5/SSP2-4.5),1
Approx. SSP2-4.5,1
"Multiple SSP scenarios (e.g., SSP2-4.5)",1
C3 (SSP1-2.6),1
C1 (closest SSP equivalent: SSP1-2.6),1
C1 (Below 1.5 °C with low overshoot),1
C4 (likely below 2.5°C),1
C8 (legacy RCP8.5 classification),1
N/A (RCP8.5 scenario),1
C8 - High GHG emissions and high aerosol emissions,1
C3/C4 (RCP4.5 equivalent),1
Low (RCP2.6),1
RCP (non-SSP scenario),1
N/A (RCP4.5 - CMIP5),1
Legacy (RCP),1
C6 (RCP4.5 equivalent),1
C8 (RCP8.5 ~ SSP5-8.5),1
C4 (SSP2-4.5 / RCP4.5 equivalent),1
C1 (closest SSP equivalent),1
N/A (pre-AR6 scenario),1
C2-C3 (RCP),1
C6/7 (RCP4-6 pathway),1
"C1 (likely below 2 °C, no or low overshoot of 1.5 °C)",1
SSP5-8.5 → C8,1
"N/A – legacy RCP scenario, not SSP-RCP combination",1
"N/A (RCP8.5 is from RCP framework, not AR6 SSP framework)",1
N/A - The scenario does not fit into the SSP/RCP framework as it specifically focuses on the impacts of climate change without planned adaptation measures.,1
N/A - Custom scenario based on historical data adjustments,1
Below 3°C (C3-C4 range),1
>4°C,1
RCP2.6-based; SSP unspecified,1
SSP5-8.5 (closest AR6 analogue; source reports RCP8.5),1
Custom scenario with RCP4.5 climate component,1
C3 (RCP4.5 / SSP2-4.5),1
"N/A (RCP8.5, not an SSP)",1
"C7-C8 (RCP8.5, >4°C warming)",1
RCP2.6 equivalent (illustrative mitigation pathway),1
C1 (RCP2.6 / SSP1-2.6 equivalent),1
C3-C4 (Intermediate - RCP6.0 equivalent),1
C2 (Below 2 °C),1
N/A (custom scenario),1
C3b,1
C2 (SSP2-4.5 equivalent),1
AR5 RCP 8.5 (approx. equivalent to AR6 SSP5-8.5),1
N/A (RCP8.5 is a CMIP5/AR5 scenario),1
C3/C4,1
SSP5-8.5 (assumed),1
RCP8.5 (CMIP5) ~ SSP5-8.5,1
CMIP5 RCP Scenario,1
C3 (Medium),1
C2/C3 pathway (Below 2 °C),1
RCP4.5 (legacy RCP),1
C.3: physics-based effect,1
C5 (Below 3°C),1
C2-C3 (SSP2-4.5 equivalent),1
C5/~2.7°C,1
C8b,1
No AR6 (RCP8.5),1
C4-C6,1
N/A (RCP2.6 is CMIP5 scenario),1
C7-C8 (High and very high GHG emissions),1
C1 (Likely ≤1.5 °C with low or no overshoot),1
C3 (RCP4.5 / SSP2-4.5 equivalent),1
C5-C6 (Below 2°C to Above 2°C),1
C3 (SSP2-4.5 / RCP 4.5 equivalent),1
C1 (>50% chance of limiting warming to 1.5°C),1
C8 – RCP8.5 equivalent pathway,1
C1 (RCP equivalent) [≈ AR6 C1 near-1.5 °C pathway],1
C3 (Below 1.8°C),1
C4 (C5 under certain uncertainties),1
C3-C4,1
N/A - This scenario does not fit into the AR6 framework as it primarily focuses on localized ecological impacts rather than broader climate change mitigation or adaptation strategies.,1
Low (C1),1
C3 (RCP4.5/WGI-AR6-Table-4.2),1
High (C8),1
C1 (SSP1-2.6 analogue),1
C8i - High CO2 emissions,1
"C1 (approximate, RCP2.6 ≈ SSP1-2.6)",1
C1 (Below 1.5°C with overshoot),1
RCP 4.5 (pre-SSP category),1
Not SSP/RCP scenario—custom forest management sensitivity run.,1
C4 (Below 2°C) - equivalent to SSP2-4.5,1
C8: Very high GHG emissions (SSP5-8.5),1
"RCP8.5 (CMIP5, not SSP)",1
"C3 (≈2.7 °C, SSP2-4.5 equivalent to RCP4.5)",1
SSP2-4.5 (closest SSP analogue),1
"C8 (SSP5-8.5, Very High)",1
SSP5-8.5 (C8 - High GHG emissions),1
High (C7),1
Illustrative RCP pathway,1
C8 (High GHG emissions) - Note: RCP8.5 corresponds to SSP5-8.5 in AR6 framework,1
C1 (Very Low GHG Emissions),1
C8 (RCP8.5 CMIP5 pathway),1
C5 (CMIP5 RCP4.5 scenario; closest CMIP6: SSP2-4.5/C3),1
Intermediate (C3-C4),1
High (RCP8.5 ⇔ SSP5-8.5),1
C6/C7 (RCP equivalent),1
"C8 (SSP5-8.5 equivalent, study uses RCP8.5)",1
SSP2-4.5 (closest AR6 analog),1
Low GHG emissions (SSP1-2.6 equivalent),1
C1-C2 (below 2°C),1
RCP 2.6 pathway (not an SSP scenario),1
"Stabilization (custom, ~550 ppm CO₂)",1
C6c,1
Multiple categories (typically C2-C4),1
N/A (RCP scen),1
C7 (High warming),1
C3 (SSP2-4.5 equivalent ~2.7 °C),1
"SSP5-8.5 (High, C7-C8 equivalent)",1
High (RCP8.5/W m⁻²),1
C7 (level-based warming at 2 °C),1
C1: limit warming to 1.5°C,1
No policy,1
C1 (1.5°C pathways with no or limited overshoot),1
C3 (SSP1-2.6 equivalent),1
C2 (Below 2°C warming),1
C3 (Below 3°C per IPCC AR6 mapping),1
C1 (Low GHG emissions) - RCP2.6 equivalent,1
SSP5-8.5 (Very high emissions),1
Very high GHG emissions (C8),1
High (RCP8.5/WSSP5-8.5),1
C5 - Stabilization (SSP2-4.5 equivalent),1
C3 (Lower 2°C - RCP4.5 equivalent),1
C7 (High emissions pathway),1
RCP4.5 (~4.5 W/m² forcing level),1
RCP8.5 pathway (>4°C warming by 2100),1
very high GHG emissions scenario,1
RCP8.5 (Not an SSP),1
C8 (Very high GHG emissions - SSP5-8.5),1
RCP4.5 (not an SSP scenario),1
C4 (Intermediate),1
Not provided in source text,1
"High GHG emissions scenario (RCP8.5, CMIP5)",1
C4 (Moderate combined mitigation and adaptation challenge),1
Medium,1
"C1 (Likely below 2°C, likely below 1.5°C with overshoot)",1
RCP8.5 (CMIP5 legacy scenario),1
RCP8.5 (≈ SSP5-8.5),1
C8 (Very high),1
C6 (AR6 classification) - SSP3-7.0 is classified as C6 according to the AR6 mapping table.,1
C4 (Likely below 3°C),1
C4 - Below 3°C,1
Other scenario (RCP6.0),1
C3 (Below 2°C pathways),1
RCP (pre-AR6 framework),1
C3-C4 (RCP4.5 equivalent),1
"C7 (High, SSP5-8.5 equivalent)",1
C2 (>2°C and ≤3°C),1
C3 (for SSP2-4.5),1
C5 (RCP8.5),1
No Policy / Baseline,1
C4 – SSP2-4.5 (2.5 °C warming),1
C8 (High emissions: SSP5-8.5 equivalent to RCP8.5),1
N/A (RCP4.5 – pre-SSP scenario),1
C3 (SSP2-4.5 / RCP4.5 equivalent),1
C8 (High GHG emissions) - approximate mapping from RCP8.5,1
RCP6.0 (Legacy RCP),1
Illustrative Scenario (RCP4.5),1
"C7-C8 (High GHG emissions, SSP5-8.5 equivalent)",1
C6 (derived from SSP2-4.5),1
C8 equivalent (RCP-based),1
C3 (RCP4.5/WP3),1
"C8 (SSP5-8.5 equivalent, High GHG emissions)",1
Legacy RCP8.5,1
C2 (1.5°C with high overshoot),1
C1a (SSP1-2.6 equivalent),1
N/A (RCP8.5 - pre-SSP framework),1
C2 (Middle of the road),1
"C4 (≥3°C, no overshoot)",1
C3/1.5°C,1
C4 (RCP 4.5),1
C6 (ECP 4.5),1
C4a (Intermediate GHG),1
SSP2-4.5 (CMIP5 RCP4.5 equivalent),1
C5 – closest AR6 analogue SSP2-4.5,1
Low GHG emissions (C1),1
RCP8.5 pathway (can be combined with various SSPs),1
C5 (equivalent warming level),1
C3-C4 (Intermediate) – SSP2-4.5 (RCP 4.5 equivalent),1
C3-subset ≈ SSP1-2.6 (approximate mapping for RCP 2.6),1
C1 or C2 (SSP1-2.6 equivalent),1
C4 (2.5-3°C),1
RCP2.6 (CMIP5 scenario),1
C8 - High GHG emissions (RCP8.5),1
"C1 (SSP1-2.6, RCP equivalent)",1
C3 (Lower 2°C) - SSP2-4.5 equivalent,1
C5: likely below 2.0°C,1
C8 - No or low overshoot >4°C,1
High (RCP8.5 equivalent to SSP5-8.5),1
Custom/IAM,1
C2 (2°C pathway),1
C4/C6 (RCP equivalent),1
RCP (Not an SSP scenario),1
C1 (Likely below 2°C & net zero CO2 after 2050),1
C1 (SSP1-2.6 / very low GHG emissions),1
C2 (Lower 2°C warming range),1
N/A (RCP2.6 corresponds to SSP1-2.6-C1),1
C1 (Below 1.5°C with 50% probability),1
C3 (SSP3),1
N/A (RCP8.5 scenario - AR5/CMIP5),1
Very Low GHG emissions – RCP2.6 forcing,1
C8a - High GHG emissions,1
C7/3.6°C,1
N/A - This scenario does not correspond to any recognized SSP or RCP pathways as it combines specific local climate changes and vegetation responses that are not directly aligned with global pathways.,1
High (RCP8.5/WCE8.5),1
C5 (SSP5-8.5),1
RCP4.5 (Not an SSP scenario),1
C8 - High GHG emissions (SSP5-8.5 equivalent),1
C4 (RCP-4.5 equivalent),1
High-end,1
"SSP5-8.5 (C8, AR6 classification)",1
SSP1-2.6 equivalent,1
C3-C4 (Approximate mapping from RCP4.5 to SSP2-4.5),1
RCP8.5 (SSP5-8.5-equivalent),1
"N/A (RCP4.5 is a CMIP5/AR5 forcing pathway, not an AR6 SSP scenario)",1
C2 (equivalent to SSP1-2.6),1
N/A (RCP2.6 scenario),1
C8 - High (SSP5-8.5),1
C1 (Very low emissions),1
C2 (Illustrative),1
Low (SSP1),1
Pre-AR6 (RCP4.5),1
C8 (High GHG emissions scenario),1
N/A (RCP8.5),1
C1 (1.5°C with no or low overshoot),1
High GHG emissions (RCP8.5) | N/A,1
High GHG emissions (RCP8.5 / SSP5-8.5),1
C8 - High challenges to mitigation and adaptation,1
C4 (2.5°C–3°C warming),1
RCP8.5 (no direct AR6 SSP category),1
RCP4.5 (RCP-equivalent),1
"C3 (Below 3 °C), reconciled via SSP2-4.5",1
"C2 (Lower 2°C, RCP4.5-equivalent)",1
C8 (Cat 8: Decline - >4°C),1
C3 (~2.7°C),1
Non-AR6 scenario combination (SSP1 with RCP4.5),1
C5 (RCP equivalent) (as mapped in the source paper),1
C5 (RCP4.5 equivalent),1
C6/2.7°C,1
C8 (High GHG emissions equivalent to SSP5-8.5),1
C7 (RCP8.5/SSP3),1
C3 (RCP4.5/WB2 equivalent),1
cat8 (RCP8.5 equivalent),1
Approximately equivalent to SSP2-4.5 (C5-C6),1
C4 (likely 2°C),1
C1/C2 (RCP2.6/SSP1-2.6 equivalent),1
C1 (limit warming to 1.5 °C with no or limited overshoot),1
SSP5-8.5 equivalent,1
>4 °C high-warming pathway,1
C3/D2,1
C1-lowOS,1
Non-standard combination: RCP8.5+SSP3 (deviation from standard AR6 scenario combinations),1
C3 (very low),1
C3-MASSIVE-GT,1
C2 (RCP4.5),1
C2 (SSP2-4.5 / RCP4.5 equivalent),1
W2,1
Not an AR6 scenario (RCP framework),1
Analogous to SSP5-8.5 (High-end),1
RCP-8.5,1
C8 - High emissions (RCP 8.5 equivalent),1
C1 (Below 1.5 °C with no or limited overshoot),1
Categorized pathway (CMIP5 RCP4.5),1
SSP1-2.6 (approximate RCP2.6 equivalent),1
C6-C8,1
High GHG emissions scenario (RCP8.5),1
C7 (High CO2 emissions),1
RCP8.5 (no SSP specified),1
C7 (3.6-4.4°C),1
C5-mid,1
"RCP2.6 (roughly equivalent to SSP1-2.6, AR6 Category C3)",1
C3 (Moderate mitigation scenario),1
C5 (RCP 4.5),1
C8 (maps to SSP5-8.5),1
C4 (intermediate emissions),1
C3-C4: limited warming with overshoot to 2.5-3.0°C,1
"SSP5-8.5 (Very high, C8)",1
"C7 - No CC policies, High challenges to adaptation & mitigation",1
Likely below 3°C,1
not explicitly categorized in AR6,1
C6–C7,1
N/A - SRES scenario,1
C4b,1
Custom,1
Custom Scenario - Not Applicable,1
"N/A (Custom U25M25C25 scenario, outside SSP/RCP framework)",1
N/A (RCP2.6 = CMIP5 scenario),1
RCP8.5 Forcing Level (N/A in SSP-only categories),1
C8 - High emissions (RCP8.5 equivalent),1
SSP1-2.6 (CMIP5 RCP2.6 equivalent),1
"SSP5-8.5 (High, legacy RCP8.5 analogue)",1
Legacy RCP scenario (Pre-dates AR6 framework; nearest AR6 equivalent would be SSP1-1.9 or SSP1-2.6 but not specified in text),1
RCP-based,1
N/A (RCP framework),1
C8 (High GHG emissions). The RCP8.5 scenario used is analogous to the AR6 SSP5-8.5 pathway.,1
RCP8.5 (High-end scenario),1
N/A (RCP8.5 – CMIP5 analogue of SSP5-8.5),1
None (RCP scenario),1
N/A (not stated),1
High (no/low overshoot),1
CMIP5 RCP8.5 (approximately equivalent to SSP5-8.5),1
High (C8 / RCP-equivalent),1
RCP (Not SSP),1
C7 (Very high emissions and warming),1
N/A (RCP8.5 is an AR5 scenario),1
C3-C6,1
Lower 2°C (L2),1
"SSP5-8.5 (High emissions, C8 category)",1
"C4 (SSP2-4.5, RCP equivalent)",1
SSP2-4.5 (C5),1
C5-t1 (SSP2-4.5),1
C7 (RCP),1
C4 (RCP4.5/SSP2-4.5),1
"C5 (RCP equivalent, RCP-only scenario, SSP unspecified)",1
RCP 4.5 (≈ WGIII warming category C5),1
Legacy RCP scenario (CMIP5),1
Legacy RCP (corresponds to SSP2-4.5 in AR6),1
RCP8.5 (mapped to SSP5-8.5),1
SSP5-8.5 (AR6 counterpart to RCP8.5),1
C8 – High GHG (SSP5-8.5 equivalent),1
Tier 2 (SSP2-4.5),1
RCP8.5 (pre-AR6 scenario),1
N/A (CMIP5 RCP4.5; AR6 equivalent ~ SSP2-4.5),1
SSP1-1.9→C1/1.5°C,1
USC – Unharmonized,1
SSP2-4.5 (RCP 4.5 analogue),1
C5 (3°C scenarios),1
High-emission scenario (RCP8.5),1
C6 (intermediate emissions),1
C3 (approximate),1
C3 or C4 (SSP2-4.5 equivalent),1
C1 (below 2 °C),1
Reserved (not applicable to pure RCP2.6 runs),1
N/A (RCP8.5 is an AR5 pathway),1
C8 SSP5-8.5,1
N/A (RCP 8.5 from CMIP5),1
Lower 2 °C (SSP2-4.5),1
HIGH,1
Incorrect,1
High (~3°C),1
N/A (RCP4.5 CMIP5 scenario),1
C3 (Lower 2°C warming),1
RCP 8.5 (pre-AR6 scenario),1
"N/A (RCP framework, not AR6)",1
RCP8.5 (Radiative forcing pathway 8.5 W m⁻²),1
C5 warming level (RCP4.5 scenario),1
"SSP2-4.5 (Moderate mitigation pathway, CMIP6 equivalent to RCP4.5)",1
High emissions (RCP8.5 equivalent),1
Moderate / SSP2-4.5,1
SSP5-8.5 (very-high-emissions scenario),1
C7 (SSP3-7.0 warms ~3.6-4.8 °C; overlaps C6–C7),1
N/A (RCP2.6 is not an SSP scenario; AR6 categories apply to SSP-based scenarios.),1
High-end scenario (SSP5-8.5 equivalent),1
C3 (Approximate RCP4.5 equivalent),1
Not applicable for CMIP5 GCM outputs,1
N/A (custom),1
C5 (Likely below 3°C),1
Current Policies,1
N/A (SRES scenario),1
High GHG emissions (RCP8.5 forcing),1
C8-high overshoot (SSP5-8.5 equivalent),1
N/A (RCP4.5 is an RCP scenario with no direct SSP analogue in AR6),1
C4 (2.5-3°C warming),1
C7-E,1
C1/C2 (SSP1-2.6 equivalent),1
RCP8.5 (CMIP5 pathway),1
CMIP5 RCP,1
C8 (High GHG emissions—SSP5-8.5),1
C4-5,1
C3 (AR6 equivalent of RCP4.5 is SSP2-4.5),1
Approximately SSP5-8.5 (High),1
Illustrative Emissions Pathway (RCP8.5),1
C2-C3 (Intermediate),1
SSP2-4.5 (exact CMIP6 equivalent),1
C8 (> 4 °C),1
"N/A (RCP6.0, approximate equivalent to SSP2-4.5/SSP3-7.0 range)",1
SSP5-8.5 (closest AR6 equivalent),1
Illustrative Scenario (High GHG emissions),1
C4 (Lower 2°C),1
RCP6.0 (Legacy CMIP5 scenario - no direct AR6 equivalent),1
N/A (RCP2.6 is a pre-SSP scenario),1
C2-High,1
RCP8.5 (High GHG emissions),1
C7-C8 (High GHG emissions) – RCP8.5 (climate forcing only),1
Other,1
SSP2-4.5 corresponds to AR6 C4 warming (~2.5 °C),1
C8 (High warming),1
High emissions scenario (RCP8.5 equivalent),1
C8 (RCP8.5 equivalent to SSP5-8.5),1
RCP (CMIP5/6),1
N/A (RCP4.5 - pre-SSP),1
Very High,1
C7 High GHG emissions,1
C3 (Below 3°C) - Corresponds to SSP2-4.5 in AR6 terminology,1
C1 (Below ~1.5°C),1
Legacy RCP8.5 (pre-AR6 scenario),1
C3 (High mitigation scenario),1
"N/A (RCP scenario, pre-AR6 framework)",1
RCP (8.5 W/m²),1
SSP2-4.5 (RCP equivalent),1
C7 (>4°C pathway),1
"N/A (CMIP5 RCP scenario - AR6 mapping not directly applicable as AR6 uses SSP framework. RCP2.6 corresponds approximately to SSP1-2.6 (Category C1, ~1.8°C))",1
Likely range: 1.3-1.7°C (median ~1.5°C),1
RCP only,1
C5 (SSP2-4.5 / RCP4.5 equivalent),1
RCP4.5 (legacy),1
Land Use,1
G,1
N/A_HAPPI,1
C1 equivalent (RCP scenario),1
C1 (equates to SSP1-1.9 ~RCP2.6),1
Custom agricultural management scenario (planting date),1
C3 (Intermediate SSP-RCP),1
"C6 (≥ 4.0 °C, < 5.0 °C)",1
C2 (1.5 °C with no or limited overshoot),1
C3/C4 (RCP4.5/SSP2-4.5 equivalent),1
SSP5-8.5 (or RCP8.5 forcing),1
C3 (Below 2°C) - RCP4.5 equivalent,1
Very high GHG emissions (SSP5-8.5 equivalent),1
C1 (RCP-2.6 equivalent),1
SSP5-8.5 (Category 8),1
Custom (RCP8.5 climate + B2 land-use),1
C4 (moderate policies scenario),1
RCP2.6 (CMIP5 equivalent),1
C5-C6 (NDC equivalent),1
RCP8.5 (SSP5-8.5 analogue),1
SSP2-4.5 (Intermediate),1
C4 (2°C–3°C),1
C1 (closest SSP analogue),1
C3 (intermediate pathway),1
C1 (very low emissions),1
C1a (1.5°C with low overshoot),1
RCP8.5 (baseline RCP scenario),1
N/A (hybrid scenario),1
C4 (Medium),1
RCP (8.5 equivalent),1
RCP2.6 - see characteristics below,1
N/A (SRES A2 scenario),1
CMIP5 reference scenario / RCP 8.5,1
SRES A2,1
C2: Below 3°C,1
C3 (high emissions),1
N/A (equivalent to SSP5-8.5 which would be C8),1
Below 1.5°C (C1) (no or limited overshoot),1
N/A (RCP8.5 is a pre-AR6 scenario; closest AR6 analogue is SSP5-8.5 but not identical.),1
C4–C5 range,1
C3 (moderate mitigation),1
C3/C4 (SSP2-4.5),1
Illustrative (RCP-based),1
"C8 (High GHG emissions, SSP5-8.5 equivalent)",1
C7 (SSP3-7.0),1
C7 - High GHG emissions,1
RCP8.5 (RCP scenario),1
C3: below 3°C (>67%),1
C5 (approximate RCP4.5 equivalent),1
Approximately corresponds to AR6 C5 category,1
C8 (High CO₂ emissions),1
High (RCP8.5 forcing level),1
SRES A1B-based,1
SSP5-8.5 / High GHG emissions,1
C4 (RCP 4.5 ≈ SSP2-4.5),1
High-emissions scenario (SSP3-7.0),1
C3 (Approximate RCP2.6 equivalent),1
N/A (RCP2.6 is a CMIP5/AR5 scenario and not directly mappable to AR6 SSP categories),1
RCP8.5 (equivalent to SSP5-8.5 forcing),1
N/A (CMIP5 RCP6.0 pathway),1
C5 (SSP2-4.5/RCP4.5 equivalent),1
C8 (RCP only),1
"C5 (High emissions, >4°C)",1
C8 - SSP5-8.5 (RCP8.5 equivalent),1
"C8 (High GHG, SSP5-8.5)",1
Lower 2°C (RCP4.5 equivalent),1
SSP2-4.5 (formerly RCP4.5),1
C8 (High GHG emissions) corresponding to SSP5-8.5,1
C2 (return to 1.5°C after high overshoot),1
Not an SSP scenario,1
C5 (Below 2°C),1
Illustrative (RCP8.5),1
Very High GHG emissions (SSP5-8.5),1
C8 - High GHG emissions (RCP8.5 equivalent),1
"C3 (Likely below 3°C, best estimate ~2.7°C)",1
Custom scenario,1
N/A (No-policy baseline scenario),1
C1 (RCP2.6-equivalent pathway),1
C1 or C2 (RCP2.6 equivalent),1
N/A (RCP4.5 is a CMIP5 scenario),1
Illustrative Mitigation Pathway (SSP1-2.6),1
C6a (2.5-2.9°C),1
"C6 (concentration driven, SSP2-4.5 analogue)",1
RCP8.5 (RCP equivalent),1
C4 or C5 (High warming scenario),1
"C1 (RCP equivalent, SSP1-2.6)",1
C8 (AR6 equivalent for RCP8.5 is SSP5-8.5),1
SSP1-2.6 (formerly RCP2.6),1
C1 (SSP1-2.6 / RCP2.6 equivalent),1
C1 (Likely below 1.5°C),1
"N/A (RCP8.5 is from CMIP5/RCP framework, not AR6/SSP framework)",1
C1 (1.5°C pathway with no or low overshoot),1
C8 (very-high GHG emissions),1
C8 (High) - RCP8.5 equivalent to SSP5-8.5,1
C5 (RCP equivalent) - Climate component only,1
C8 ++,1
SSP5-8.5 (C8 – High GHG),1
SSP3-70,1
C3a-C4,1
C4 (Likely warming 2°C-2.5°C),1
C6b,1
"N/A (RCP4.5, CMIP5)",1
"C8 (High GHG emissions, RCPEquivalent=SSP5-8.5)",1
Legacy RCP 4.5 (approx. C6),1
C1 (Below 1.5°C high overshoot),1
C7 (high warming),1
High warming scenario (aligned with RCP8.5),1
C7 (High) or Pre-SSP RCP scenario (equivalent to SSP5-8.5),1
SSP5-8.5 (Non-standard combination: RCP8.5 with SSP3 socioeconomic assumptions),1
C1 (likely below 2 °C),1
"N/A (RCP scenario, not classified under AR6 C1-C8 categories)",1
"N/A (RCP8.5, CMIP5 scenario (SSP5-8.5 equivalent))",1
C8 (SSP5-8.5) (>4 °C warming category as defined in AR6 WGIII SPM).,1
RCP4.5 based (legacy scenario),1
"C8 (High emissions, RCP8.5)",1
RCP4.5 (Approx. 4.5 W/m² forcing),1
C4 (Medium-low emissions),1
C4-C5 (Intermediate scenario range),1
SSP2-4.5 (AR6 equivalent to RCP6.0),1
C5-6,1
C5/C6,1
C3 (Lower 2°C - Below 3°C),1
C8 (>4°C) [SSP5-8.5 equivalent],1
C8 (SSP5-8.5/RCP8.5 equivalent),1
8,1
"High (SSP5-8.5, RCP8.5 equivalent)",1
C2 - Below 3°C,1
SSP2-4.5 (closest SSP equivalent),1
C3 (RCP4.5 equivalent to SSP2-4.5),1
Custom Scenario,1
SSP2 – framework pathway (no specific climate target reported),1
C2 (model-dependent),1
C6 (Intermediate),1
"C3 (Likely below 3°C, >2°C)",1
RCP4.5 – Illustrative Mitigation Pathway equivalent,1
RCP8.5 (not an SSP scenario),1
SSP5-8.5 (high GHG emissions - RCP8.5 equivalent),1
RCP equivalent (Not an SSP scenario),1
C5 / SSP2-4.5 equivalent,1
Custom (modified RCP8.5),1
~2.7 °C warming pathway (RCP4.5 equivalent),1
Not applicable for SRES scenarios,1
C3: likely to limit warming to 1.5°C (>=50%),1
C4 (Below 2.5°C),1
C3: limit warming to 2°C (>50%),1
C8: unconstrained warming >4°C,1
SSP5-8.5 (High-emissions),1
C8 (>4.4°C),1
C8 (High (>4°C)),1
SSP5-8.5: Used for RCP8.5,1
RCP4.5 (pre-SSP framework),1
C1 (if combined with appropriate forcing pathway like SSP1-1.9),1
C3 (intermediate),1
RCP4.5 (AR6 assessed pathway),1
C1 (SSP1-RCP2.6),1
N/A (SRES scenario - pre-AR6 framework),1
N/A - Physical Experiment,1
C3 (Likely below 2.5°C),1
C2/Likely below 2°C,1
C1: Low GHG emissions (SSP1-2.6),1
C1 (modified),1
Multiple possible (RCP4.5),1
C7-C8 (SSP5-8.5 equivalent),1
N/A‐RCP only,1
C8 (High GHG emissions) - RCP8.5 equivalent,1
C1 (RCP2.6 analogue),1
SSP5-8.5 (legacy RCP8.5),1
High emission benchmark (RCP8.5),1
C7-C8 (High),1
"N/A (RCP8.5, not SSP)",1
C1 (SSP1-2.6) - RCP2.6 equivalent,1
C3 (Limit warming to 2°C),1
C8: limit warming to >4°C,1
C8: policies lead to >4°C warming,1
C1 (Likely below 2 °C),1
N/A (SSP not specified),1
"C8 (High GHG emissions, RCP8.5 equivalent)",1
"C5 (2.3-3.0 °C, no-overshoot)",1
SSP3-7.0 / 3.6 °C,1
C4a,1
C2 (RCP 2.6 equivalent),1
RCP8.5 (≈SSP5-8.5 forcing),1
C0-carbon-input,1
C1a (Below 1.5°C with no or limited overshoot),1
